H HEADER INFORMATION -------------------------------------------,,,,,,,,,,,,,
H DIRECTIONAL COMPANY:,PACESETTER DIRECTIONAL DRILLING LTD.,,,,,,,,,,,,
H COMPANY :,Pacific Canbriam Energy Limited,,,,,,,,,,,,
H FIELD   :,Altares (NAD 27),,,,,,,,,,,,
H SITE    :,Padsite: 15-12-84-26 W6M,,,,,,,,,,,,
H WELL    :,Pacific Canbriam HZ Altares A15-12-084-26,,,,,,,,,,,,
H WELLPATH:,Job# 24-D1181 - Leg 2,,,,,,,,,,,,
H DEPTHUNT:,m,,,,,,,,,,,,
H---------------------------------------------------------------- ,,,,,,,,,,,,,
H WELL INFORMATION,,,,,,,,,,,,,
H WELL EW MAP :,564387.02,,,,,,,,,,,,
H WELL NS MAP :,6236771.3,,,,,,,,,,,,
H KB ELEVN :,776.65,,,,,,,,,,,,
H GRD LVL :,770.4,,,,,,,,,,,,
H NORTH REF :,TRUE,,,,,,,,,,,,
H VSECT ANGLE :,104.6,,,,,,,,,,,,
H VSECT NORTH :,0,,,,,,,,,,,,
H VSECT EAST  :,0,,,,,,,,,,,,
H Grid Convergence at Surface is 0.865°.,,,,,,,,,,,,,
H TEXT FILE EXPORT DATE :,27-Oct-24,,,,,,,,,,,,
H---------------------------------------------------------------- ,,,,,,,,,,,,,
H SURVEY TYPE INFORMATION,,,,,,,,,,,,,
H  6.25 - 1084.26 FINAL SURVEYS : MWD+IFR1+MS-ROUNDLAB,,,,,,,,,,,,,
H  1100.68 - 4368.00 SURVEYS : MWD+IFR1+MS-ROUNDLAB,,,,,,,,,,,,,
H---------------------------------------------------------------- ,,,,,,,,,,,,,
H Survey List,,,,,,,,,,,,,
MD,Incl.,Azim.,TVD,Sub-Sea,NS,EW,VSEC,Dogleg,UTM(X),UTM(Y),Latitude,Longitude,Comment
0,0,0,0,776.65,0,0,0,0,564387.02,6236771.3,56.27331,-121.960291, 
6.25,0,0,6.25,770.4,0,0,0,0,564387.02,6236771.3,56.27331,-121.960291,GL
42.73,0.97,276.57,42.73,733.92,0.04,-0.31,-0.31,0.7977,564386.71,6236771.33,56.273311,-121.960296, 
61.03,1.25,268.21,61.02,715.63,0.05,-0.66,-0.65,0.5291,564386.36,6236771.34,56.273311,-121.960302, 
79.19,1.48,257.73,79.18,697.47,-0.01,-1.09,-1.05,0.5593,564385.93,6236771.28,56.27331,-121.960309, 
98.73,1.27,260.88,98.71,677.94,-0.1,-1.55,-1.47,0.3425,564385.48,6236771.18,56.273309,-121.960316, 
117.78,1.04,252.26,117.76,658.89,-0.18,-1.92,-1.81,0.453,564385.1,6236771.09,56.273309,-121.960322, 
137,0.72,223.76,136.98,639.67,-0.32,-2.17,-2.02,0.8316,564384.86,6236770.95,56.273307,-121.960326, 
155.95,0.62,176.22,155.93,620.72,-0.51,-2.25,-2.04,0.8672,564384.78,6236770.76,56.273306,-121.960327, 
194.19,1.05,146.44,194.16,582.49,-1.01,-2.04,-1.72,0.4686,564385,6236770.26,56.273301,-121.960324, 
213.38,1.01,123.86,213.35,563.3,-1.25,-1.8,-1.43,0.6334,564385.24,6236770.03,56.273299,-121.96032, 
232.58,1,131.32,232.55,544.1,-1.46,-1.53,-1.12,0.2049,564385.51,6236769.83,56.273297,-121.960316, 
251.85,0.84,141.72,251.81,524.84,-1.68,-1.32,-0.86,0.3591,564385.73,6236769.61,56.273295,-121.960312, 
271.07,0.9,159.44,271.03,505.62,-1.93,-1.18,-0.66,0.4284,564385.87,6236769.36,56.273293,-121.96031, 
289.92,0.11,205.83,289.88,486.77,-2.08,-1.14,-0.57,1.3177,564385.92,6236769.2,56.273292,-121.960309, 
309.17,0.59,330.52,309.13,467.52,-2.02,-1.19,-0.65,1.0268,564385.86,6236769.27,56.273292,-121.96031, 
327.95,0.72,316.6,327.91,448.74,-1.85,-1.32,-0.81,0.3268,564385.73,6236769.44,56.273294,-121.960312, 
346.77,0.67,294.48,346.73,429.92,-1.71,-1.5,-1.02,0.4322,564385.54,6236769.57,56.273295,-121.960315, 
365.73,0.94,266.87,365.69,410.96,-1.68,-1.76,-1.28,0.7359,564385.29,6236769.6,56.273295,-121.960319, 
384.97,0.39,249.69,384.93,391.72,-1.71,-1.98,-1.48,0.9028,564385.07,6236769.57,56.273295,-121.960323, 
403.89,0.32,142.71,403.85,372.8,-1.77,-2.01,-1.5,0.9073,564385.04,6236769.5,56.273294,-121.960323, 
423.07,0.28,160.08,423.02,353.63,-1.86,-1.96,-1.43,0.1546,564385.09,6236769.42,56.273294,-121.960323, 
441.99,0.55,207.65,441.94,334.71,-1.98,-1.98,-1.42,0.6597,564385.07,6236769.29,56.273293,-121.960323, 
461.13,0.65,208.3,461.08,315.57,-2.16,-2.08,-1.47,0.1571,564384.98,6236769.11,56.273291,-121.960325, 
480.38,0.89,216.07,480.33,296.32,-2.38,-2.22,-1.55,0.4071,564384.84,6236768.9,56.273289,-121.960327, 
499.63,0.74,216.14,499.58,277.07,-2.6,-2.38,-1.65,0.2338,564384.68,6236768.67,56.273287,-121.960329, 
518.68,0.57,190.89,518.63,258.02,-2.79,-2.47,-1.69,0.5211,564384.59,6236768.48,56.273285,-121.960331, 
537.99,0.59,111.59,537.94,238.71,-2.92,-2.4,-1.58,1.1502,564384.67,6236768.35,56.273284,-121.96033, 
557.13,1.27,85.42,557.08,219.57,-2.94,-2.09,-1.28,1.2302,564384.97,6236768.33,56.273284,-121.960325, 
576.26,1.15,83.13,576.2,200.45,-2.9,-1.69,-0.91,0.2029,564385.37,6236768.38,56.273284,-121.960318, 
595.47,0.76,104.49,595.41,181.24,-2.91,-1.38,-0.6,0.8147,564385.69,6236768.38,56.273284,-121.960313, 
607,0.69,117.75,606.94,169.71,-2.96,-1.24,-0.45,0.4717,564385.83,6236768.33,56.273284,-121.960311, 
624,0.55,117.54,623.94,152.71,-3.05,-1.08,-0.28,0.2471,564385.99,6236768.24,56.273283,-121.960308,SCP
640.78,0.42,117.2,640.72,135.93,-3.11,-0.95,-0.14,0.2325,564386.12,6236768.18,56.273282,-121.960306, 
659.82,0.35,115.05,659.76,116.89,-3.17,-0.84,-0.01,0.1126,564386.23,6236768.12,56.273282,-121.960305, 
679.08,0.21,133.49,679.02,97.63,-3.22,-0.76,0.08,0.2566,564386.31,6236768.08,56.273281,-121.960303, 
698.39,0.17,161.34,698.32,78.33,-3.27,-0.72,0.12,0.1543,564386.35,6236768.03,56.273281,-121.960303, 
717.7,0.15,196.69,717.63,59.02,-3.32,-0.72,0.14,0.1538,564386.35,6236767.97,56.27328,-121.960303, 
736.81,0.26,213.97,736.74,39.91,-3.38,-0.75,0.12,0.1962,564386.32,6236767.91,56.27328,-121.960303, 
756.12,0.36,218.2,756.05,20.6,-3.46,-0.82,0.08,0.1593,564386.26,6236767.83,56.273279,-121.960304, 
775.59,0.5,210.17,775.52,1.13,-3.59,-0.9,0.04,0.2343,564386.18,6236767.71,56.273278,-121.960306, 
794.9,0.65,208.2,794.83,-18.18,-3.75,-0.99,-0.01,0.235,564386.09,6236767.54,56.273277,-121.960307, 
814.23,0.77,209.73,814.16,-37.51,-3.96,-1.11,-0.07,0.1885,564385.98,6236767.32,56.273275,-121.960309, 
833.58,0.83,208.64,833.51,-56.86,-4.2,-1.24,-0.14,0.096,564385.85,6236767.09,56.273273,-121.960311, 
853.05,0.89,208.19,852.98,-76.33,-4.46,-1.38,-0.21,0.093,564385.71,6236766.83,56.27327,-121.960313, 
872.18,0.97,207.35,872.1,-95.45,-4.73,-1.52,-0.28,0.1273,564385.57,6236766.55,56.273268,-121.960316, 
891.69,0.9,238.09,891.61,-114.96,-4.96,-1.73,-0.42,0.7691,564385.37,6236766.32,56.273266,-121.960319, 
910.8,0.98,251.7,910.72,-134.07,-5.09,-2.01,-0.66,0.3713,564385.09,6236766.19,56.273265,-121.960323, 
930,1.07,246.76,929.92,-153.27,-5.21,-2.33,-0.94,0.197,564384.77,6236766.06,56.273264,-121.960329, 
949.51,1.15,238.87,949.42,-172.77,-5.39,-2.67,-1.22,0.265,564384.44,6236765.88,56.273262,-121.960334, 
968.83,1.37,229.52,968.74,-192.09,-5.64,-3.01,-1.49,0.4665,564384.1,6236765.63,56.27326,-121.96034, 
985.83,2.25,235.19,985.73,-209.08,-5.96,-3.44,-1.82,1.5779,564383.68,6236765.3,56.273257,-121.960346,Start Nudge
988,2.36,235.61,987.9,-211.25,-6.01,-3.51,-1.88,1.5779,564383.61,6236765.25,56.273256,-121.960348, 
1007.22,3.45,240.7,1007.09,-230.44,-6.51,-4.34,-2.56,1.7467,564382.78,6236764.73,56.273252,-121.960361, 
1026.73,4.49,242.28,1026.56,-249.91,-7.16,-5.53,-3.54,1.6079,564381.61,6236764.07,56.273246,-121.96038, 
1045.83,5.59,244.45,1045.58,-268.93,-7.91,-7.03,-4.81,1.7532,564380.12,6236763.3,56.273239,-121.960404, 
1065.14,6.49,239.94,1064.78,-288.13,-8.86,-8.82,-6.3,1.5797,564378.34,6236762.32,56.273231,-121.960433, 
1084.26,7.93,241.01,1083.75,-307.1,-10.04,-10.91,-8.03,2.2691,564376.27,6236761.11,56.27322,-121.960467,Tie-on L2 to L1
1099,6.33,227.82,1098.38,-321.73,-11.08,-12.4,-9.21,4.633,564374.79,6236760.04,56.273211,-121.960491,Stk L2 f/L1
1100.68,6.18,225.91,1100.05,-323.4,-11.2,-12.53,-9.31,4.633,564374.66,6236759.92,56.27321,-121.960493, 
1110.21,7.61,246.76,1109.51,-332.86,-11.81,-13.48,-10.07,9.0011,564373.72,6236759.3,56.273204,-121.960509, 
1119.68,9.09,251.07,1118.88,-342.23,-12.3,-14.77,-11.19,5.0873,564372.45,6236758.79,56.2732,-121.960529, 
1129.25,8.89,257.13,1128.33,-351.68,-12.71,-16.2,-12.48,3.0325,564371.02,6236758.36,56.273196,-121.960553, 
1138.87,8.99,269.13,1137.84,-361.19,-12.89,-17.68,-13.86,5.8133,564369.54,6236758.16,56.273195,-121.960576, 
1148.63,8.92,273.81,1147.48,-370.83,-12.85,-19.2,-15.34,2.2489,564368.03,6236758.17,56.273195,-121.960601, 
1158.18,9.05,273.42,1156.91,-380.26,-12.75,-20.69,-16.8,0.451,564366.54,6236758.24,56.273196,-121.960625, 
1167.73,8.91,265.12,1166.35,-389.7,-12.77,-22.17,-18.24,4.0899,564365.05,6236758.2,56.273196,-121.960649, 
1177.48,8.32,264.68,1175.98,-399.33,-12.9,-23.63,-19.61,1.8267,564363.6,6236758.05,56.273194,-121.960672, 
1187.04,7.46,264.98,1185.45,-408.8,-13.02,-24.93,-20.85,2.7018,564362.3,6236757.91,56.273193,-121.960694, 
1195.75,6.73,264.98,1194.1,-417.45,-13.11,-26.01,-21.86,2.5144,564361.23,6236757.8,56.273193,-121.960711, 
1205.48,5.99,261.24,1203.77,-427.12,-13.24,-27.08,-22.86,2.6137,564360.16,6236757.66,56.273191,-121.960728, 
1214.93,6.43,258,1213.16,-436.51,-13.43,-28.08,-23.79,1.7853,564359.16,6236757.46,56.27319,-121.960744, 
1234.43,7.1,259.5,1232.53,-455.88,-13.87,-30.33,-25.86,1.0659,564356.91,6236756.98,56.273186,-121.960781, 
1253.75,7.08,257.06,1251.7,-475.05,-14.36,-32.67,-27.99,0.4686,564354.59,6236756.46,56.273181,-121.960818, 
1272.97,5.25,258.58,1270.81,-494.16,-14.8,-34.68,-29.83,2.8675,564352.58,6236755.99,56.273177,-121.960851, 
1292.28,2.5,272.07,1290.07,-513.42,-14.96,-35.97,-31.04,4.472,564351.29,6236755.81,56.273176,-121.960872, 
1302.03,1.79,283.23,1299.81,-523.16,-14.91,-36.33,-31.4,2.5247,564350.93,6236755.85,56.273176,-121.960877, 
1311.78,0.89,303.56,1309.56,-532.91,-14.84,-36.54,-31.62,3.0899,564350.72,6236755.92,56.273177,-121.960881, 
1319,0.84,113.04,1316.78,-540.13,-14.83,-36.54,-31.62,7.1581,564350.72,6236755.93,56.273177,-121.960881, 
1321.53,1.44,115.31,1319.31,-542.66,-14.85,-36.5,-31.57,7.1334,564350.77,6236755.91,56.273177,-121.96088, 
1331.08,4.51,123.47,1328.85,-552.2,-15.11,-36.07,-31.1,9.711,564351.19,6236755.66,56.273175,-121.960873, 
1340.83,7.79,121.37,1338.54,-561.89,-15.66,-35.19,-30.1,10.1143,564352.08,6236755.12,56.27317,-121.960859, 
1346.77,9.5,121.91,1344.41,-567.76,-16.13,-34.43,-29.25,8.6518,564352.85,6236754.66,56.273165,-121.960847,Interp 9.5deg Inc Pt
1350.41,10.55,122.16,1348,-571.35,-16.47,-33.89,-28.65,8.6518,564353.39,6236754.33,56.273162,-121.960838, 
1360.14,12.63,124.37,1357.53,-580.88,-17.54,-32.26,-26.8,6.5565,564355.04,6236753.28,56.273153,-121.960812, 
1367.81,14,125.32,1364.99,-588.34,-18.55,-30.81,-25.14,5.4269,564356.5,6236752.3,56.273144,-121.960788,Interp 14deg Inc Pt
1369.71,14.34,125.53,1366.83,-590.18,-18.82,-30.43,-24.7,5.4269,564356.89,6236752.03,56.273141,-121.960782, 
1379.29,15.53,127.55,1376.09,-599.44,-20.29,-28.45,-22.41,4.067,564358.89,6236750.59,56.273128,-121.96075, 
1388.81,16.68,129.23,1385.24,-608.59,-21.93,-26.38,-20,3.9098,564360.98,6236748.98,56.273113,-121.960717, 
1398.36,18.1,130.68,1394.35,-617.7,-23.77,-24.19,-17.42,4.6635,564363.2,6236747.18,56.273097,-121.960682, 
1407.93,20.18,132.56,1403.39,-626.74,-25.85,-21.85,-14.63,6.7999,564365.57,6236745.13,56.273078,-121.960644, 
1417.48,22.91,134,1412.27,-635.62,-28.26,-19.3,-11.55,8.7347,564368.16,6236742.77,56.273057,-121.960603, 
1427.31,24.96,135.1,1421.26,-644.61,-31.06,-16.46,-8.1,6.4026,564371.04,6236740.01,56.273031,-121.960557, 
1436.87,27.12,136.02,1429.84,-653.19,-34.05,-13.52,-4.5,6.8955,564374.02,6236737.06,56.273004,-121.960509, 
1446.49,28.21,136.52,1438.36,-661.71,-37.28,-10.43,-0.7,3.4754,564377.15,6236733.88,56.272976,-121.960459, 
1455.91,31.76,135.93,1446.52,-669.87,-40.68,-7.18,3.31,11.3445,564380.46,6236730.54,56.272945,-121.960407, 
1465.46,35.17,134.39,1454.49,-677.84,-44.41,-3.46,7.85,11.0384,564384.23,6236726.86,56.272911,-121.960347, 
1475.21,38.14,135.13,1462.31,-685.66,-48.51,0.67,12.88,9.2389,564388.42,6236722.83,56.272875,-121.96028, 
1484.97,40.6,136.14,1469.85,-693.2,-52.94,5,18.18,7.8135,564392.81,6236718.47,56.272835,-121.96021, 
1494.71,43.16,136.37,1477.11,-700.46,-57.63,9.49,23.72,7.8992,564397.38,6236713.84,56.272793,-121.960138, 
1504.46,44.91,137.59,1484.11,-707.46,-62.59,14.11,29.44,5.9833,564402.07,6236708.96,56.272748,-121.960063, 
1514.13,45.71,136.23,1490.92,-714.27,-67.61,18.81,35.25,3.8931,564406.84,6236704.01,56.272703,-121.959987, 
1523.88,45.58,135.37,1497.73,-721.08,-72.61,23.67,41.21,1.9339,564411.78,6236699.09,56.272658,-121.959909, 
1533.44,45.78,133.17,1504.41,-727.76,-77.38,28.57,47.15,4.9788,564416.74,6236694.39,56.272615,-121.95983, 
1543.02,46.03,133.14,1511.08,-734.43,-82.08,33.59,53.2,0.7858,564421.83,6236689.76,56.272573,-121.959749, 
1552.58,45.89,134.03,1517.72,-741.07,-86.82,38.57,59.21,2.0552,564426.88,6236685.1,56.272531,-121.959669, 
1562.14,47.19,133.86,1524.3,-747.65,-91.64,43.56,65.26,4.0978,564431.95,6236680.37,56.272487,-121.959588, 
1571.76,49.08,134.33,1530.72,-754.07,-96.62,48.71,71.49,5.9942,564437.16,6236675.46,56.272443,-121.959505, 
1581.28,50.95,133.99,1536.84,-760.19,-101.7,53.94,77.84,5.9497,564442.47,6236670.46,56.272397,-121.95942, 
1591.03,52.28,134.28,1542.89,-766.24,-107.03,59.42,84.49,4.1516,564448.03,6236665.22,56.272349,-121.959332, 
1600.58,53.31,133.61,1548.66,-772.01,-112.3,64.9,91.12,3.644,564453.59,6236660.03,56.272302,-121.959244, 
1610.14,54.81,133.59,1554.28,-777.63,-117.64,70.51,97.89,4.7074,564459.27,6236654.78,56.272254,-121.959153, 
1619.69,55.15,132.62,1559.76,-783.11,-122.99,76.22,104.76,2.7144,564465.06,6236649.52,56.272206,-121.959061, 
1629.24,55.25,131.09,1565.21,-788.56,-128.22,82.06,111.73,3.9591,564470.97,6236644.38,56.272159,-121.958967, 
1638.81,56.81,130.95,1570.55,-793.9,-133.43,88.04,118.84,4.9038,564477.04,6236639.27,56.272112,-121.95887, 
1648.38,58.54,132.41,1575.67,-799.02,-138.81,94.08,126.04,6.6608,564483.16,6236633.98,56.272064,-121.958772, 
1657.96,59.9,133.29,1580.57,-803.92,-144.4,100.12,133.29,4.8727,564489.27,6236628.48,56.272013,-121.958675, 
1667.72,61.86,133.44,1585.32,-808.67,-150.26,106.32,140.76,6.038,564495.55,6236622.72,56.271961,-121.958575, 
1677.47,63.88,132.55,1589.77,-813.12,-156.17,112.66,148.4,6.676,564501.99,6236616.9,56.271908,-121.958473, 
1687.22,66.22,132.8,1593.88,-817.23,-162.17,119.16,156.2,7.2337,564508.57,6236611.01,56.271854,-121.958368, 
1696.77,68.36,132.9,1597.57,-820.92,-168.16,125.62,163.96,6.7288,564515.12,6236605.12,56.2718,-121.958264, 
1706.3,70.35,132.79,1600.93,-824.28,-174.22,132.16,171.81,6.2728,564521.75,6236599.16,56.271746,-121.958158, 
1716.06,71.87,133.69,1604.09,-827.44,-180.55,138.88,179.92,5.3553,564528.56,6236592.94,56.271689,-121.958049, 
1725.82,73.29,133.51,1607.01,-830.36,-186.97,145.63,188.06,4.3966,564535.4,6236586.62,56.271631,-121.957941, 
1735.39,74.71,134.24,1609.65,-833,-193.34,152.26,196.09,4.9652,564542.13,6236580.35,56.271574,-121.957834, 
1744.94,76.08,134.41,1612.06,-835.41,-199.8,158.87,204.11,4.3346,564548.83,6236573.99,56.271516,-121.957727, 
1754.49,77.73,134.19,1614.22,-837.57,-206.3,165.53,212.19,5.2268,564555.58,6236567.6,56.271458,-121.957619, 
1764.06,79.45,133.46,1616.11,-839.46,-212.79,172.29,220.38,5.8398,564562.45,6236561.21,56.271399,-121.95751, 
1773.61,81.01,133.35,1617.73,-841.08,-219.26,179.13,228.63,4.9123,564569.38,6236554.85,56.271341,-121.9574, 
1783.2,82.75,132.78,1619.09,-842.44,-225.74,186.07,236.97,5.7222,564576.41,6236548.47,56.271283,-121.957288, 
1792,84.51,132.69,1620.06,-843.41,-231.68,192.49,244.68,6.0077,564582.92,6236542.64,56.27123,-121.957184, 
1794.48,85,132.51,1620.29,-843.64,-233.35,194.31,246.86,6.3218,564584.76,6236541,56.271215,-121.957155,Interp 85deg Inc Pt
1800.9,86.27,132.04,1620.78,-844.13,-237.65,199.05,252.53,6.3218,564589.56,6236536.76,56.271176,-121.957078, 
1810.65,88.04,131.33,1621.26,-844.61,-244.13,206.32,261.2,5.8669,564596.93,6236530.4,56.271118,-121.956961,Heel
1820.15,88.94,129.57,1621.51,-844.86,-250.29,213.54,269.75,6.2406,564604.24,6236524.35,56.271062,-121.956844, 
1839.44,90.51,127.67,1621.61,-844.96,-262.33,228.61,287.37,3.8331,564619.49,6236512.54,56.270954,-121.956601, 
1858.46,90.77,125.28,1621.39,-844.74,-273.64,243.91,305.02,3.7917,564634.94,6236501.48,56.270853,-121.956354, 
1877.62,89.93,121.94,1621.28,-844.63,-284.24,259.86,323.13,5.3924,564651.05,6236491.12,56.270758,-121.956097, 
1896.94,91.8,118.95,1620.98,-844.33,-294.03,276.51,341.71,5.4755,564667.84,6236481.59,56.27067,-121.955828, 
1916.25,91,115.64,1620.51,-843.86,-302.88,293.66,360.54,5.2889,564685.12,6236473,56.27059,-121.955551, 
1935.43,90.37,111.53,1620.28,-843.63,-310.55,311.24,379.48,6.5032,564702.8,6236465.59,56.270521,-121.955268, 
1954.93,90.38,107.52,1620.16,-843.51,-317.06,329.61,398.9,6.1691,564721.26,6236459.36,56.270463,-121.954971, 
1974.21,89.08,103.49,1620.25,-843.6,-322.22,348.19,418.18,6.5887,564739.91,6236454.49,56.270416,-121.954671, 
1993.53,89.11,99.12,1620.55,-843.9,-326,367.12,437.46,6.785,564758.89,6236450.99,56.270382,-121.954366, 
2012.95,89.94,98.06,1620.71,-844.06,-328.9,386.32,456.77,2.0797,564778.13,6236448.38,56.270356,-121.954056, 
2032.27,90.14,97.28,1620.7,-844.05,-331.48,405.47,475.95,1.2504,564797.31,6236446.09,56.270333,-121.953747, 
2051.77,90.5,96.58,1620.59,-843.94,-333.84,424.83,495.27,1.211,564816.69,6236444.03,56.270312,-121.953434, 
2071.28,90.83,97.63,1620.36,-843.71,-336.25,444.19,514.61,1.6923,564836.08,6236441.91,56.27029,-121.953122, 
2090.6,88.75,98.08,1620.43,-843.78,-338.89,463.32,533.8,3.3045,564855.24,6236439.56,56.270267,-121.952813, 
2109.72,89.36,98.49,1620.75,-844.1,-341.64,482.24,552.8,1.1532,564874.19,6236437.09,56.270242,-121.952508, 
2128.82,88.41,98.82,1621.12,-844.47,-344.52,501.12,571.79,1.5796,564893.11,6236434.51,56.270216,-121.952203, 
2147.93,88.22,98.87,1621.68,-845.03,-347.45,520,590.8,0.3084,564912.02,6236431.86,56.27019,-121.951898, 
2167.23,88.24,98.35,1622.28,-845.63,-350.34,539.07,609.98,0.8085,564931.13,6236429.26,56.270164,-121.951591, 
2186.52,88.45,97.84,1622.84,-846.19,-353.06,558.16,629.14,0.8575,564950.25,6236426.83,56.270139,-121.951283, 
2205.54,89.38,97.1,1623.2,-846.55,-355.53,577.01,648.01,1.8744,564969.13,6236424.64,56.270117,-121.950978, 
2224.79,89.89,96.57,1623.32,-846.67,-357.82,596.13,667.08,1.1463,564988.27,6236422.64,56.270096,-121.95067, 
2243.8,90.22,97.79,1623.3,-846.65,-360.2,614.99,685.93,1.9945,565007.16,6236420.55,56.270075,-121.950365, 
2263.11,90.5,97.48,1623.18,-846.53,-362.76,634.13,705.1,0.649,565026.33,6236418.28,56.270052,-121.950057, 
2282.23,90.32,97.25,1623.04,-846.39,-365.21,653.09,724.07,0.4582,565045.32,6236416.11,56.27003,-121.94975, 
2301.33,90.15,96.51,1622.97,-846.32,-367.5,672.05,742.99,1.1926,565064.3,6236414.11,56.270009,-121.949444, 
2320.63,91.88,97.13,1622.62,-845.97,-369.79,691.21,762.11,2.8565,565083.49,6236412.11,56.269989,-121.949135, 
2339.82,92.75,100.06,1621.85,-845.2,-372.66,710.17,781.18,4.7745,565102.48,6236409.53,56.269963,-121.948829, 
2358.94,91.43,100.95,1621.15,-844.5,-376.14,728.95,800.24,2.4974,565121.31,6236406.34,56.269932,-121.948526, 
2378.21,89.93,100.33,1620.92,-844.27,-379.7,747.89,819.46,2.5268,565140.29,6236403.07,56.2699,-121.94822, 
2397.41,90.41,100.76,1620.86,-844.21,-383.21,766.76,838.61,1.0069,565159.21,6236399.84,56.269868,-121.947916, 
2416.73,89.57,100.3,1620.87,-844.22,-386.74,785.76,857.88,1.4871,565178.25,6236396.6,56.269836,-121.947609, 
2436.24,90.3,100.59,1620.89,-844.24,-390.28,804.95,877.34,1.2078,565197.48,6236393.35,56.269805,-121.9473, 
2455.46,91.13,100.48,1620.65,-844,-393.79,823.84,896.51,1.3069,565216.42,6236390.12,56.269773,-121.946995, 
2474.35,92.74,101.37,1620.01,-843.36,-397.37,842.38,915.35,2.9212,565235,6236386.83,56.269741,-121.946696, 
2493.29,91.21,100.9,1619.36,-842.71,-401.03,860.95,934.24,2.5351,565253.62,6236383.45,56.269708,-121.946396, 
2512.33,88.98,100.45,1619.33,-842.68,-404.55,879.66,953.24,3.5845,565272.37,6236380.21,56.269676,-121.946094, 
2531.84,89.1,100.09,1619.66,-843.01,-408.03,898.85,972.69,0.5834,565291.61,6236377.02,56.269645,-121.945784, 
2551.34,88.88,100.25,1620,-843.35,-411.47,918.04,992.13,0.4185,565310.85,6236373.87,56.269614,-121.945474, 
2570.44,88.78,98.76,1620.39,-843.74,-414.63,936.88,1011.15,2.3451,565329.72,6236371,56.269586,-121.94517, 
2589.63,87.7,97.87,1620.98,-844.33,-417.4,955.85,1030.21,2.1874,565348.73,6236368.52,56.269561,-121.944864, 
2608.64,90.78,99.04,1621.23,-844.58,-420.2,974.65,1049.11,5.1993,565367.56,6236366.01,56.269536,-121.944561, 
2627.89,87.9,100.59,1621.45,-844.8,-423.48,993.62,1068.29,5.0969,565386.57,6236363.01,56.269506,-121.944255, 
2647.08,87.35,100.93,1622.25,-845.6,-427.06,1012.45,1087.42,1.0106,565405.45,6236359.72,56.269474,-121.943951, 
2666.58,85.81,100.46,1623.41,-846.76,-430.67,1031.58,1106.84,2.4767,565424.62,6236356.4,56.269441,-121.943642, 
2676.33,86.84,100.55,1624.04,-847.39,-432.44,1041.15,1116.54,3.1813,565434.21,6236354.77,56.269425,-121.943488, 
2685.87,89.11,100.49,1624.37,-847.72,-434.18,1050.52,1126.05,7.1409,565443.61,6236353.17,56.26941,-121.943336, 
2695.44,90.77,99.62,1624.38,-847.73,-435.85,1059.94,1135.59,5.8751,565453.05,6236351.64,56.269395,-121.943184, 
2705.18,91.12,99.56,1624.22,-847.57,-437.48,1069.55,1145.29,1.0938,565462.67,6236350.17,56.26938,-121.943029, 
2724.38,89.2,99.57,1624.17,-847.52,-440.67,1088.48,1164.42,3,565481.64,6236347.26,56.269352,-121.942724, 
2733.83,86.54,98.48,1624.52,-847.87,-442.15,1097.8,1173.82,9.1249,565490.99,6236345.92,56.269338,-121.942573, 
2743.41,86.73,97.69,1625.08,-848.43,-443.49,1107.27,1183.32,2.5403,565500.47,6236344.72,56.269326,-121.94242, 
2752.96,88.96,96.94,1625.44,-848.79,-444.71,1116.74,1192.78,7.3902,565509.95,6236343.65,56.269315,-121.942268, 
2762.71,89.18,96.5,1625.6,-848.95,-445.85,1126.42,1202.44,1.5135,565519.64,6236342.66,56.269305,-121.942111, 
2781.98,87.75,95.85,1626.12,-849.47,-447.92,1145.57,1221.49,2.4453,565538.82,6236340.87,56.269286,-121.941802, 
2801.12,90.4,96.34,1626.42,-849.77,-449.95,1164.6,1240.42,4.224,565557.87,6236339.13,56.269268,-121.941495, 
2820.45,89.83,97.82,1626.39,-849.74,-452.33,1183.78,1259.58,2.4614,565577.08,6236337.04,56.269247,-121.941186, 
2839.54,90.64,97.62,1626.31,-849.66,-454.9,1202.7,1278.53,1.3111,565596.02,6236334.76,56.269223,-121.94088, 
2858.85,91.38,99.64,1625.97,-849.32,-457.8,1221.78,1297.73,3.3417,565615.14,6236332.15,56.269197,-121.940572, 
2878,90.3,98.74,1625.69,-849.04,-460.85,1240.68,1316.8,2.2023,565634.08,6236329.38,56.26917,-121.940267, 
2897.23,92.2,99.6,1625.27,-848.62,-463.92,1259.66,1335.93,3.2535,565653.1,6236326.61,56.269142,-121.939961, 
2916.48,91.64,99.36,1624.62,-847.97,-467.09,1278.64,1355.1,0.9494,565672.12,6236323.73,56.269114,-121.939655, 
2935.81,91.97,99.6,1624.01,-847.36,-470.27,1297.7,1374.34,0.6332,565691.21,6236320.83,56.269085,-121.939347, 
2955.02,92.69,99.49,1623.23,-846.58,-473.45,1316.62,1393.46,1.1374,565710.18,6236317.94,56.269057,-121.939042, 
2974.54,91.38,99.9,1622.54,-845.89,-476.74,1335.85,1412.89,2.1095,565729.45,6236314.94,56.269027,-121.938731, 
2993.58,91.35,100.6,1622.09,-845.44,-480.12,1354.58,1431.87,1.1036,565748.22,6236311.84,56.268996,-121.938429, 
3012.85,93.79,102.56,1621.22,-844.57,-483.99,1373.44,1451.1,4.8704,565767.13,6236308.26,56.268962,-121.938125, 
3032.37,91.75,103.52,1620.28,-843.63,-488.39,1392.43,1470.58,3.4643,565786.18,6236304.15,56.268922,-121.937818, 
3051.7,87.5,102.64,1620.4,-843.75,-492.76,1411.26,1489.9,6.7358,565805.06,6236300.07,56.268883,-121.937515, 
3061.47,86.02,101.94,1620.96,-844.31,-494.84,1420.79,1499.65,5.0257,565814.62,6236298.13,56.268864,-121.937361, 
3071.05,86.41,102.16,1621.59,-844.94,-496.83,1430.14,1509.2,1.4015,565823.99,6236296.28,56.268846,-121.93721, 
3080.8,87.79,102.29,1622.08,-845.43,-498.89,1439.65,1518.93,4.2649,565833.53,6236294.36,56.268828,-121.937056, 
3090.52,87.8,100.42,1622.46,-845.81,-500.81,1449.17,1528.62,5.7674,565843.08,6236292.59,56.26881,-121.936903, 
3100.08,88.17,100.59,1622.79,-846.14,-502.55,1458.57,1538.15,1.2776,565852.5,6236291,56.268795,-121.936751, 
3109.74,90.27,101.25,1622.92,-846.27,-504.38,1468.05,1547.79,6.8362,565862,6236289.31,56.268778,-121.936598, 
3119.3,92.14,102.23,1622.72,-846.07,-506.32,1477.41,1557.34,6.6248,565871.39,6236287.51,56.268761,-121.936447, 
3128.99,92.69,103.35,1622.31,-845.66,-508.46,1486.85,1567.01,3.8603,565880.85,6236285.51,56.268742,-121.936295, 
3138.53,92.41,103.68,1621.89,-845.24,-510.69,1496.12,1576.54,1.3602,565890.15,6236283.42,56.268722,-121.936145, 
3148.07,93.08,103.44,1621.43,-844.78,-512.93,1505.38,1586.07,2.2377,565899.44,6236281.33,56.268701,-121.935996, 
3157.82,93.91,103.1,1620.84,-844.19,-515.16,1514.85,1595.8,2.7591,565908.94,6236279.24,56.268681,-121.935843, 
3167.49,93.98,102.72,1620.17,-843.52,-517.32,1524.26,1605.44,1.196,565918.38,6236277.23,56.268662,-121.935691, 
3177.25,94.08,101.92,1619.49,-842.84,-519.39,1533.77,1615.17,2.4721,565927.91,6236275.29,56.268643,-121.935538, 
3187.01,94.11,101.39,1618.79,-842.14,-521.36,1543.3,1624.89,1.6276,565937.47,6236273.47,56.268626,-121.935384, 
3196.77,93.75,100.9,1618.12,-841.47,-523.24,1552.85,1634.61,1.8661,565947.05,6236271.73,56.268609,-121.93523, 
3206.33,93.49,100.13,1617.52,-840.87,-524.98,1562.24,1644.13,2.5458,565956.45,6236270.13,56.268593,-121.935078, 
3225.66,93.5,99.52,1616.34,-839.69,-528.27,1581.25,1663.36,0.9451,565975.51,6236267.13,56.268563,-121.934771, 
3245.12,92.56,98.71,1615.31,-838.66,-531.35,1600.43,1682.7,1.9118,565994.73,6236264.34,56.268536,-121.934462, 
3264.43,91.54,98.25,1614.62,-837.97,-534.2,1619.52,1701.89,1.7382,566013.85,6236261.79,56.26851,-121.934154, 
3283.76,93.91,97.32,1613.7,-837.05,-536.81,1638.65,1721.06,3.9506,566033.01,6236259.46,56.268486,-121.933845, 
3302.9,93.86,98.13,1612.4,-835.75,-539.38,1657.57,1740.01,1.2691,566051.96,6236257.18,56.268463,-121.93354, 
3322,96.23,98.2,1610.73,-834.08,-542.08,1676.4,1758.92,3.7241,566070.83,6236254.76,56.268439,-121.933236, 
3341.22,95.37,98.38,1608.78,-832.13,-544.84,1695.32,1777.92,1.3711,566089.78,6236252.29,56.268414,-121.93293, 
3360.71,93.68,98.09,1607.25,-830.6,-547.62,1714.55,1797.23,2.6391,566109.04,6236249.8,56.268389,-121.93262, 
3379.84,92.59,98.21,1606.2,-829.55,-550.33,1733.46,1816.21,1.7197,566127.98,6236247.38,56.268365,-121.932315, 
3399.27,91.24,98.1,1605.55,-828.9,-553.09,1752.68,1835.51,2.0913,566147.24,6236244.92,56.26834,-121.932005, 
3418.79,90.54,98.34,1605.25,-828.6,-555.88,1772,1854.91,1.1373,566166.59,6236242.42,56.268315,-121.931693, 
3438.03,89.74,98.33,1605.2,-828.55,-558.66,1791.04,1874.03,1.2475,566185.66,6236239.92,56.26829,-121.931386, 
3457.37,89.85,97.75,1605.27,-828.62,-561.37,1810.19,1893.24,0.9157,566204.84,6236237.51,56.268265,-121.931077, 
3476.68,92.58,97.43,1604.86,-828.21,-563.92,1829.32,1912.4,4.2703,566224,6236235.25,56.268242,-121.930768, 
3496,91.59,97.71,1604.16,-827.51,-566.46,1848.46,1931.56,1.5975,566243.17,6236232.99,56.268219,-121.930459, 
3515.33,88.89,97.11,1604.08,-827.43,-568.96,1867.63,1950.74,4.2926,566262.37,6236230.79,56.268197,-121.93015, 
3534.44,90.85,96.66,1604.12,-827.47,-571.25,1886.6,1969.68,3.157,566281.36,6236228.79,56.268176,-121.929844, 
3553.78,91.07,96.68,1603.79,-827.14,-573.49,1905.8,1988.83,0.3427,566300.59,6236226.83,56.268156,-121.929534, 
3572.94,89.09,96.18,1603.77,-827.12,-575.64,1924.84,2007.79,3.1975,566319.66,6236224.97,56.268137,-121.929226, 
3592.1,86.5,96.02,1604.51,-827.86,-577.67,1943.88,2026.73,4.063,566338.71,6236223.23,56.268118,-121.928919, 
3611.42,88.05,97.06,1605.42,-828.77,-579.87,1963.05,2045.83,2.8974,566357.91,6236221.32,56.268099,-121.92861, 
3630.73,89.74,97.38,1605.8,-829.15,-582.3,1982.2,2064.98,2.6722,566377.09,6236219.18,56.268077,-121.928301, 
3649.87,90.26,97.64,1605.8,-829.15,-584.8,2001.18,2083.97,0.9112,566396.1,6236216.97,56.268054,-121.927994, 
3669.03,91.96,98.05,1605.42,-828.77,-587.41,2020.15,2102.99,2.7381,566415.1,6236214.64,56.268031,-121.927688, 
3687.93,95.12,100.09,1604.26,-827.61,-590.39,2038.78,2121.77,5.9667,566433.76,6236211.95,56.268004,-121.927388, 
3706.91,92.03,99.8,1603.07,-826.42,-593.66,2057.44,2140.64,4.9055,566452.46,6236208.96,56.267974,-121.927087, 
3725.95,92.19,100.26,1602.37,-825.72,-596.97,2076.17,2159.61,0.7669,566471.24,6236205.93,56.267945,-121.926784, 
3745.19,92.84,99.99,1601.53,-824.88,-600.35,2095.09,2178.77,1.0973,566490.2,6236202.84,56.267914,-121.926479, 
3764.1,90.4,99.74,1600.99,-824.34,-603.59,2113.71,2197.61,3.8912,566508.86,6236199.89,56.267885,-121.926178, 
3782.95,91.62,99.14,1600.66,-824.01,-606.68,2132.31,2216.38,2.1637,566527.49,6236197.08,56.267857,-121.925878, 
3801.94,93.26,99.94,1599.85,-823.2,-609.82,2151.02,2235.28,2.8821,566546.24,6236194.22,56.267829,-121.925576, 
3821.15,94.07,100.04,1598.63,-821.98,-613.15,2169.9,2254.39,1.2745,566565.16,6236191.18,56.267799,-121.925272, 
3840.3,90.28,98.93,1597.9,-821.25,-616.3,2188.77,2273.44,6.1863,566584.07,6236188.31,56.26777,-121.924967, 
3859.56,88.59,96.54,1598.09,-821.44,-618.89,2207.85,2292.56,4.5592,566603.18,6236186.01,56.267747,-121.924659, 
3878.82,90.09,96.51,1598.31,-821.66,-621.08,2226.98,2311.63,2.3369,566622.34,6236184.11,56.267727,-121.924351, 
3898.07,88.46,96.66,1598.55,-821.9,-623.29,2246.1,2330.69,2.551,566641.49,6236182.19,56.267707,-121.924042, 
3917.32,88.07,97.31,1599.14,-822.49,-625.63,2265.2,2349.76,1.1809,566660.61,6236180.14,56.267686,-121.923734, 
3935.91,89.06,96.86,1599.6,-822.95,-627.92,2283.64,2368.18,1.7548,566679.08,6236178.13,56.267666,-121.923436, 
3954.74,85.57,96.66,1600.49,-823.84,-630.13,2302.32,2386.81,5.5694,566697.78,6236176.2,56.267646,-121.923135, 
3973.71,87.77,97.48,1601.59,-824.94,-632.47,2321.11,2405.59,3.7122,566716.6,6236174.15,56.267625,-121.922832, 
3992.55,88.93,96.49,1602.13,-825.48,-634.76,2339.8,2424.25,2.4279,566735.32,6236172.14,56.267604,-121.92253, 
4011.81,88.7,96.24,1602.53,-825.88,-636.89,2358.94,2443.31,0.5291,566754.48,6236170.3,56.267585,-121.922221, 
4030.96,88.75,97.01,1602.95,-826.3,-639.1,2377.96,2462.27,1.2085,566773.52,6236168.38,56.267565,-121.921914, 
4050.13,89.54,97.12,1603.24,-826.59,-641.46,2396.98,2481.27,1.2482,566792.57,6236166.31,56.267543,-121.921607, 
4069.31,89.94,97.39,1603.33,-826.68,-643.88,2416.01,2500.29,0.7548,566811.62,6236164.17,56.267522,-121.9213, 
4088.6,89.89,98.32,1603.36,-826.71,-646.52,2435.11,2519.45,1.4484,566830.76,6236161.83,56.267498,-121.920992, 
4107.72,90.71,98.6,1603.26,-826.61,-649.33,2454.03,2538.46,1.3595,566849.71,6236159.3,56.267473,-121.920687, 
4126.83,90.14,98.19,1603.11,-826.46,-652.12,2472.93,2557.46,1.1022,566868.65,6236156.8,56.267447,-121.920382, 
4145.93,90,97.68,1603.09,-826.44,-654.75,2491.85,2576.43,0.8307,566887.59,6236154.45,56.267424,-121.920076, 
4165.06,89.71,96.47,1603.14,-826.49,-657.11,2510.83,2595.39,1.9513,566906.6,6236152.38,56.267402,-121.91977, 
4184.17,90.78,96.12,1603.06,-826.41,-659.21,2529.83,2614.3,1.7673,566925.62,6236150.57,56.267383,-121.919463, 
4203.41,92.01,97.11,1602.59,-825.94,-661.42,2548.93,2633.35,2.4616,566944.75,6236148.65,56.267363,-121.919155, 
4222.52,91.35,98.89,1602.03,-825.38,-664.08,2567.85,2652.32,2.9791,566963.7,6236146.27,56.267339,-121.91885, 
4241.5,90.01,99.96,1601.8,-825.15,-667.19,2586.57,2671.22,2.7103,566982.46,6236143.45,56.267311,-121.918548, 
4260.5,90.03,99.93,1601.8,-825.15,-670.47,2605.28,2690.16,0.0569,567001.21,6236140.45,56.267282,-121.918246, 
4279.46,89.43,99.53,1601.89,-825.24,-673.67,2623.97,2709.05,1.141,567019.94,6236137.53,56.267253,-121.917944, 
4298.4,89.49,99.05,1602.06,-825.41,-676.73,2642.66,2727.91,0.7662,567038.67,6236134.76,56.267225,-121.917643, 
4317.83,90.58,98.58,1602.05,-825.4,-679.71,2661.86,2747.24,1.8327,567057.9,6236132.07,56.267199,-121.917333, 
4337.09,90.93,97.91,1601.8,-825.15,-682.47,2680.92,2766.38,1.1773,567077,6236129.6,56.267174,-121.917025, 
4350,91.4,97.4,1601.54,-824.89,-684.19,2693.71,2779.19,1.6115,567089.81,6236128.07,56.267158,-121.916819,Last Survey - Oct 27 2024
4368,91.4,97.4,1601.1,-824.45,-686.51,2711.56,2797.04,0,567107.68,6236126.03,56.267137,-121.916531,Extrap to TD
