Gas ID,Initial Flow Date
A41FF23FB2A44DAD9BBD1EA2811E8A22,2009-01-02
FF6F2D1A71B049FAB055AFA9385F0E6C,2011-08-04
4C8DFC52B1924C73A294C61286D12518,2011-04-08
769A219763A842099CB0E0CC5EE97BEF,2011-04-12
6DEBB5D9031A41D38404B8B28CD9A382,2012-01-28
E36A937EDD934042B046EEF784DA79CC,2012-05-21
5B2843D45851479EA3D9DC136A24B1E4,2012-05-28
BAB97EA450344AACA5B0F8FBD9DE3D85,2012-08-05
31755D8DB1D54FF689DC5699DB565C34,2012-08-08
E071CD1EEA744184B9FA56C48496ADBF,2012-08-10
3A7E142459CC4F1FB5656CA6C5FB7DDA,2012-08-13
6BF617A5C1A54D0AA0673B5FCAD7A6E2,2013-02-01
A0DA896EBBC946E598A414954DB821AB,2013-02-02
188A7A4C4AFA4F949A079F4FAFA58237,2013-08-07
2091EB1C842043AA9FDD6518C817A2FC,2013-08-22
A601E43BBC6B43D8AC6D2833B1EB815E,2013-08-19
3508D7017D1A4B2681BED7D338DCBCC6,2013-09-02
D9679C1625924B9E9457598637FC9EF7,2013-08-30
3B02C39328864D05BE4B979501CF87AC,2013-09-05
34F44F687C8F4602B935611D7914525B,2013-12-03
8D9FC348B7EB4831BF61A131E62B77B7,2013-12-13
D74A752868734513B0B5F7D10287AA88,2014-11-09
DC8C2EF1B780436BA4748ABFCB7B0372,2014-09-10
6640C04812DD4E19B1999753360DF384,2014-10-06
497B0BCFCBDE4477803F380E7C795A48,2015-02-15
6E4E12AB0DE542749EAAC5704875D3D3,2015-01-18
6C62EC227BB94619B350D100B3BB02C2,2015-01-21
75E95D52ACEF43A585ED27F4502BCC0C,2015-02-10
45B1A41474914BC588A7D5C93EE9BD1E,2015-02-11
B689F0B962244D72A32EB98A0357D1F1,2015-03-16
5B07E3FB3BE54FB1BF33A8017A98CBBE,2015-03-04
93A5CEF98B0F448BBF8376CC3892FF58,2015-03-04
A9C7E2A081C54F15B2FC26F286CD3F41,2015-03-07
9CB0638D33234875B00FBB24DB0E8782,2015-07-23
C7C5F9F1B0E04F49B421937546773B60,2015-07-29
0AE4E9027BAB46128F8E1D32D91D0ECE,2015-07-26
DECCFAB6AE5A457B837E249F4625B340,2015-07-30
371B815298DE482C9C445F81EDDCFB5D,2015-08-10
E4C0B5B3ADD94BC3AFBF9090FC7CA01E,2015-08-06
DAD1B3723AE045B78FEA981177C38D8D,2015-08-07
F81C04239DAA4CF69B8E2166A220772A,2015-08-08
861BAF0B8BAB45CF87DEF4D91DC55A2B,2015-08-11
E1DC42845B4C457B864093CD5531E15C,2015-08-13
539B7E084A3B430B92BAF1125FB39AF1,2015-12-13
53664B21963F40F693DDF76FAA8C77E9,2015-12-29
E9B2AAC3DDDE4E6F88E615C256E95B64,2016-01-19
54F45AF269F443DC9D79A9964F49A388,2016-01-18
814D0B33B6084F77BBB9041A1E7863C9,2016-03-06
29C5570DEFAD47CFA3581D25B181B531,2016-02-04
E326C6AF583048BEBBEECDC51B0940CD,2016-02-07
7DB92AB5A6D14EFCB3FF9E9CB4041CC4,2016-02-05
,2009-06-25
D84BD17251114EBCB1D5ECC88B80FACF,2016-04-11
607217094A0C4B6BA29870E8C2EB6BF6,2016-04-11
93AB3C4240C34DDDBEB0DCD5D4651F53,2016-04-11
9A20313801F64C548D1E67DEDCB9950B,2016-04-16
379BAE2BEFD848B7BE8B35DFE8487863,2016-08-10
FA913F5A222040E09788D8F84064C1D1,2016-08-10
3FD910D2BC6B4428A98433FF1BA148CC,2016-08-10
8704ABF2A10144C7A4D854DA3C182473,2016-08-10
3332BC876C9B43158E8729089919CA34,2016-09-10
E854718E88294BF2B5807F3D78B12F6A,2016-09-13
6BE501F01296460DAEA16B9CC71B83EB,2016-09-11
013663749E9243D7A1CF2FCFE2B85873,2016-09-13
,2010-07-02
,2011-04-08
,2014-01-08
F57C1755BFF44464B0106C75ED811009,2017-04-08
00959BD866494EA4B8D523BF0277CB4A,2017-01-01
16E306F1E1784759B6D44AA1F6F218C8,
CAC6801527DD405B817D9C88F5C5D619,2017-01-10
306B55E22B3348BB982D146FBEE86C60,2017-01-08
DF0ED3590F0C4214A7805E63DD84C147,2017-01-11
D88DB9CE82A743F8B67C064E59604AE4,2017-01-13
4CAF38AF5B264FF982ABFDC394CC1243,2017-02-25
5D72C3796A8E4DED8810FA56D3C0D42F,2017-02-25
AFDA74B5B5E24E648076D01E04E251C7,2017-03-19
5AE3C423F8D94235B2DE37474450C12D,2017-03-19
F9DE05CB85464648821E861D0495EA7A,2017-03-18
51A5C1F1380B457EAB038769554B57ED,2017-03-18
B8BD24D69056481B900A77B272299EC9,2017-04-04
65BBFCBD53D04C38B8C604D8783C5D90,2017-03-30
3B54EB850CB843DE9B0B5F0C78C74454,2017-08-07
"
A908CB619FEA4572A81D3E94C4EBFBF8",2017-08-05
A46EDB818E234C7FA6F2A4750CDEEBB7,2017-08-06
56F74DF07BFB4B21A51DCE5F7687A811,2017-10-24
FA80DF389AB34EB1BB73F11CC292A35F,2017-10-24
4EC5CBEFD451495A87C0CC389DDF7B48,2017-10-24
2144A387717E463E87673CFD8269BFF5,2017-10-26
769CE23E63C44CEE972D1E1A0597CBFD,2017-10-08
4B69EE127615480080DAC851C12851D7,2017-11-28
1C87CB6AE15E44D4902610FD7EB4B5AD,2017-11-28
0BE783AF45CE4F1D91E8FCB045AD0768,2017-12-11
DED50A0DFD4F442E88F24D72A607EAD5,2017-12-11
7CC6BC7DEE114EEA9FFB30EEDDBFA751,2017-12-20
09B44449949C4E45A419A58A571CCA14,2018-03-14
393EA3DF02DD42AFACD27556745AA581,2018-03-14
61D05F72069847A2A2C08ACFCF8BB197,2018-03-07
E6CE6EF4B07B403E830CCC91BF16641D,2018-03-07
0C9B7A8034724C89A97447F2ACC5635C,2018-06-20
C98E538A9CAF43E7956D9C0561857648,2018-09-18
6B12546124C743E79EBAB2C85A4D6677,2018-09-13
0423CC0B61204E5C91F4333613A7870C,2018-11-10
454F2618DDE54A10B48B6108713A9D4E,2018-09-13
4517398F2CB344F6AC8F22C344F8F367,2018-09-13
F79576AF27934EB89D61A6DBA7F52D8C,2018-03-01
B6124D4A11FE403DA595F3BCCC247395,2018-03-01
EFBC93313A814D25BFC7BD596E13108D,2018-03-01
A65A608868BE40098237621BC911BA73,2018-03-01
E09DFA3670434C0B988CF5768D932FE5,2018-03-01
F1996E0EB8CE4C6D9B617EB4EE195C82,2019-04-15
674A75BD432544BC849DD8141DBF56F5,2019-04-15
9BA21BDEC8C341F9AE1280403A7E0949,2019-07-19
178C7E8A12D743B7AD42CADF2E10D23F,2019-04-15
356FC02C6C7B40B494F0A58DE4FF2209,2019-08-06
4B38D0B0F65F41FC98E0D9C10FE72C52,2019-08-05
AE61B096642F4408B9ACC884894924B5,2019-08-25
32E741F9186648D791D2728F04088EAD,2019-08-22
A876BAE3DB244B20B66ECE660332AD83,2019-08-27
2D274CF8CCE54EFD9E7635408619853D,2019-08-22
BA02665047794BE59817603D869E2A9E,2019-08-27
5789078934AF47A4B443479E36C0BF16,2020-01-03
BF288710A9234AF79DC1C17A5A376827,2020-01-03
F243AEF925BB4B25B4908016A61FAE8A,2020-01-03
6BAC3C89F4DC4F7AB789CDBE9BDC8EA3,2020-08-07
F558F8BD427441828B76ABD7BE7DFDA8,2020-08-07
869AB20F0F664F92837932B20A21D577,2020-08-08
441C8A0B3C96408D97556330C8D0BB5D,2020-08-08
886EFB8207A04F329A3C2A8E87687FD5,2021-02-09
EC7FDF64BF5142DA84ABFE45346C5715,2021-02-09
5EE75A74738544659E2E9D89B090FA9B,2021-02-12
F10F5ACBAAB049ABB7951A9ADA700225,2021-02-14
0CEE60E91623491ABAF3690E73F9F71F,2021-03-21
D50C3181298A4802A8DBE97759374623,2021-03-21
F554C760991A474F811D4FE3718FC4A5,2021-03-21
EFDBBF8BC9C7423B9FDFF69B65F3555D,2021-03-24
BDB056D9715B486EBFE48A4A15BAA437,2021-08-11
F423D3AE2FEF4E038F9FA63F184B9715,2021-08-11
52EA49EC00D8408483BD7A3748B8C955,2021-08-13
E74E3350240F42AA91943476448AAF75,2021-08-13
2F73576FCF11462DB49D515908D6CB6A,2021-08-28
9B605D41202842EAADF343F6ADA0CE74,2021-08-28
478DF3A152824DBF9F66AAAB7F1FA91B,2021-08-27
9921A3D80A3B47D48912086E1202D9A2,2021-08-23
1E9BFA008FF4424B9AF8DCE369983BE2,2021-08-28
B7115475EA834EF8BB24CDFAF5AA2656,2022-03-22
AA0F058EC8184EF1AE1C9392D01D72A1,2022-03-23
BADFF4675781420287376AC2D3EC4B0F,2022-03-24
E13C9620CCB94B799ED9E178753675C7,2022-03-21
FE681158BE724ACEBC60CAA6E54C093E,2022-03-17
959AD57129144B078023E42DE999A5DA,2022-03-23
EB1CF9838449465B81BC9C2E44FECCF8,2022-03-20
906F1C01CD7546FABD16A94AE88B5334,2022-03-19
BDDEED442978451CA564DDE40A6A9394,2022-03-22
08886F245062435CA0A4E8F1F9446DAE,2022-03-19
43B26EF73FA944C78E24214A8CFADB13,2022-03-24
7C5CDC743EAC4DA8B26AB71F43FC5303,2022-03-19
1389DE183A8047919FD0A5C904CF72C5,2022-03-17
3D316EB155AF4278A10422484935643B,2022-08-22
B7E44BE30C374E92BADF6C74885FBD45,2022-08-22
CEA71B31153849CBA651E0D9B639C86F,2022-08-22
485F5677B95E4DB091B81755F0E48274,2022-08-21
2EBD1C9D16B1461FA6E48316768BBB9A,2022-08-20
869EBD8592994CCD84E7E06C0491A10B,2022-08-20
C6173F46B5794A879B4DA59579A9E1FA,2022-08-23
D475E9CC541F418099315DB24CC7CB44,2022-08-22
C352886A1AE44668994747FB690EC1A6,2022-08-22
5AF1C5E6C66C4F1B8D329D7D3F4FC362,2022-08-22
639612864D3F4437A8ABBD1DA4DC6F5A,2022-11-20
152771E6BB6842C78DAA3BD54D28EC93,2022-11-22
B404584C3F0948E8BC37813AE2BBF7A4,2022-11-24
22D3B279828A42B28D7427BF3C7CEA67,2022-11-24
E60E7C94C54C45F79020DA43DB66F663,2022-11-18
2DBB8759A728420B919EA827BB7E5452,2023-03-26
E6F1F41AA10540D7A007CA192C44F88E,2023-03-26
66D864C8375C41EFB72FC329A044FE08,2023-03-26
69A59B0D71DF44BD86FA58B583C56357,2023-03-27
C298BF5D5327464E9FB70D53AD4A7AD8,2023-03-26
2779C390A6CD444EB42C3375F5DFACA1,2023-02-10
93B2AEE9BDCD49849BCD39A580592219,2023-02-10
4858738981574558BABA68184CC82D9C,2023-07-27
596DF6C4B9E949F99878021701DCF97E,2023-07-27
D88F21E3AB2141028EDC5E5988FF82D6,2011-09-11
781A623C059640E19A7B84EB76A243C0,2011-02-04
8D652D7F013442E9B0B23C41D99C27C9,2011-10-01
2E27DE1E23FF4D38AE75073543B4D2EB,2011-01-28
AF87E53E968A4951B5B63C4CF2E4F8FD,2011-02-07
95C020A19AC14BAE9B27A92B53977D43,2023-11-29
FE7B65F23C2244749F200248FDD9166A,2023-11-30
F9CE4AB90FD0460B88B9F0CE5B3CDD8B,2023-12-01
566BBD9DD547449D92FDD8D2BB263F09,2023-11-18
B5F854BF7C984071952874272AF57572,2023-11-18
366118636E8B435F912E8B68DF6FF433,2023-11-18
8B5B48B500804819B2EDA644A2D362D1,2023-11-20
95A1B2FD4957426ABA9599DD6261C468,2023-11-19
2422461E71D84B618CF2569809D64A5C,2024-02-19
DDF3874BA9694E0B9B22F653E904C875,2024-02-20
4A4118B6C48E4AF88448273BCC320399,2024-02-25
925F33960E644A2884E3F1A11BF98AF8,2024-02-25
1B4FD6C2F08E48C989A76480714A7C3E,2024-02-25
608110973E764AD892BA0529CA3C51C5,2024-02-25
79B8E9FFB8DB451B83538F780818B81D,2024-02-25
AD2CFB90BC4F4DC8A2EBAE4A8607B230,2024-02-25
CEEF28F644A940368844775EC7203699,2024-02-25
5F6948EC5E1E41FA8E7E00ED27DA28C2,2024-08-06
8A485936A2C44EDB9EE463218CE1FE03,2024-08-05
4013AF5A257D4B9681791A99B1B873D3,2024-08-05
5E9EA148827047629F32CA09F1F1B8EC,2024-08-05
27582514C8184C37963413DDD40A950A,2024-08-02
521F86587BD34271AB3A3806AE15A5AA,2024-08-01
00049853D0A145BFAD347A2B1BA18A0C,2024-07-31
818ED4FF52B44D0483FB9686CE8ADBE6,2024-07-29
2599F29297A5489E94E0FBE49D9A07EC,2024-07-26
5F9ADF2E25E3473BB87DC3248B051741,2024-05-21
9B23C00F0D514517993A1835C303CA43,2024-05-28
79E9FE226A634A408C56E81DE380C6D2,2024-05-29
EAD54C6D29E54C939862FF320C7E2D04,2024-05-29
FEFE1C74F4064F479E30677595CCAD4F,2024-05-23
D493FEBCB62C49479A94CF9AA6DA1A19,2024-05-23
6BE91DA837B540139EB80416ACA1D414,2024-07-26
2F3B71DA98AB491EAD984B6DB90D7F64,2024-07-27
6F9C5D0088FE4CF985C48ADA0B712BD7,2024-07-29
665C74D3210445708FF47CA55E3D86F8,2024-07-31
A67C5D578F474DE2BB7721BB9EAE4EEC,2024-07-31
880FDD860860490B95374A93B2CCB9E1,2024-11-19
F1492C7380574E4E9B45DB84BB34042D,2024-11-19
F5284F31C7644418A1F63886380F7928,2024-11-19
C6E0F91C60374F09B63E0A0DFBC132C6,2024-11-18
1102BCC292F2459187694E5BAF714299,2024-11-20
1A43E0329A48447CA8472A601FD29863,2024-11-19
74EAF4B24F904E4BB34435688B278A85,2024-11-24
04B19332D751461BA5AD8D6455D6EB3C,2024-11-24
D01020B8C26E479E941BEDFD41BCD80A,2024-11-20
57BDBADF45A9402FB3F272882C99BEAE,2024-11-24
5A5CC6DF01544B1FA66BEAFF8A8302E6,2024-11-13
A5B27B7A6E6A473C8B0B65746428D43E,2024-11-11
D071C6121697464195AC681FDC02263C,2024-11-19
D1C1C5AFE1B44D88B236EF96533D8A5D,2024-11-09
CA14660E9AC94580AC6BBCEA6775BE9B,2025-03-09
D5EDDA22282C411880D44D6151EFB276,2025-03-09
B6911A7D458641E0B690EA8793A78E09,2025-03-06
20724A8520A743149BEDBF88ADA00FB6,2025-03-04
8DD085CFE212489594C98B3D2B747AA9,2025-03-01
4983BAAEC9954E1FAAD1A55DA9A8FAC2,2025-02-28
82D7EC526B5043EF91836651A8BE936E,2025-02-27
C7E647F3F33F4BE1864AE394E3479445,2025-02-25
DCEEC764DA4B40008FE1B91862749069,2025-02-24
5ECE7F84FC3C48879DE8C991FE98341D,2025-06-06
831E52DA38394D3F8221182BEE5B88D5,2025-06-06
52D815FDBBDC479BA4E42AC83566597D,2025-06-06
C61960B8870C4D708E58DDECFD106185,2025-06-06
91641A08AE6540F5993BE6F3CB13B06A,2025-06-06
E11148E05F6447F59978F8E95F08FB23,2025-06-06
FFD24FEE4C6C403AAC9F79CCCD07D624,2025-06-03
9B9F1FB3C7844FA68867157A8122AF82,2025-06-01
A10FAA16E2044E5EB4F6F0B748651FAB,2025-09-16
F66E5D7A3A5C4C21B069CDD9F38BA538,2025-09-16
0C40587EB5F24DE8A00965F701165BD4,2025-09-18
69D626B1935B461AB6780B7663CB86D3,2025-09-18
219F288FA92C4B0B8FA80E9037DFB846,2025-09-16
3BF379FED6EE478F99D17F04C5243CBA,2025-09-18
C30B37351B04421C9AB94A8E807831BA,2025-09-21
3408036A5F724EC8828735A95AAA3992,2025-09-21
7C7880B28C284716996D81BF697E9A51,2025-09-21
DB4DB8EFDCDF45978C65B719F58922AB,2026-03-09
DB2612AFE970484A894D2063150C4C57,2026-03-09
C3A613B0755C4997AFEC723C31186AFC,2026-03-09
68ECE4C818554F20AB7323D4B33991CB,2026-03-09
44BDEBFEA9574F968177A975619603DE,2026-03-09
8BA0E8AC42234196A99DE17630C2C243,2026-03-09
66CDCAF26BA1460E8DBA92DF2D637367,2026-03-09
