Enersight Well name,Pad,Fault Block,Prod_name,,,,,
Well 10-1,15-1 Pad,EFB,10-1-85-26W6 - T2 - NCS - S,,,,,
Well H15-1,15-1 Pad,EFB,H15-1-85-26W6 - T2 - NCS - S,,,,,
Well 15-1,15-1 Pad,EFB,15-1-85-26W6 - C4 - PnP - S,,,,,
Well C15-1,15-1 Pad,EFB,C15-1-85-26W6 - T2 - NCS - S,,,,,
Well D15-1,15-1 Pad,EFB,D15-1-85-26W6 - C4 - OH - S,,,,,
Well E15-1,15-1 Pad,EFB,E15-1-85-26W6 - C4 - NCS - N,,,,,
Well A15-1,15-1 Pad,EFB,A15-1-85-26W6 - C4 - PnP - N,,,,,
Well G15-1,15-1 Pad,EFB,G15-1-85-26W6 - T2 - NCS - N,,,,,
Well F15-1,15-1 Pad,EFB,F15-1-85-26W6 - T2 - NCS - N,,,,,
Well 15-12,15-12 Pad,EFB,15-12-84-26W6 - C4 - PnP - N,,,,,
Well L16-32,16-32 Pad,EFB,L16-32-084-25 - T2 - PnP - S,,,,,
Well M16-32,16-32 Pad,EFB,M16-32-084-25 - C4a - PnP - S,,,,,
Well A16-32,16-32 Pad,EFB,A16-32-084-25 - T2 - PnP - S,,,,,
Well C16-32,16-32 Pad,EFB,C16-32-084-25 - C4a - PnP - S,,,,,
Well E16-32,16-32 Pad,EFB,E16-32-084-25 - T3 - PnP - S,,,,,
Well J16-32,16-32 Pad,EFB,J16-32-084-25 - C2 - PnP - S,,,,,
Well K16-32,16-32 Pad,EFB,K16-32-084-25 - C4 - PnP - S,,,,,
Well 16-32,16-32 Pad,EFB,16-32-084-25 - T3 - PnP - N,,,,,
Well F16-32,16-32 Pad,EFB,F16-32-084-25 - C2 - PnP - N,,,,,
Well G16-32,16-32 Pad,EFB,G16-32-084-25 - C4 - PnP - N,,,,,
Well H16-32,16-32 Pad,EFB,H16-32-084-25 - T2 - PnP - N,,,,,
Well I16-32,16-32 Pad,EFB,I16-32-084-25 - C4a - PnP - N,,,,,
Well B16-32,16-32 Pad,EFB,B16-32-084-25 - C4a - PnP - N,,,,,
Well D16-32,16-32 Pad,EFB,D16-32-084-25 - T2 - PnP - N,,,,,
Well B2-1,7-1 Pad,EFB,B2-01-85-26W6M - T2 - PnP - S,,,,,
Well C2-1,7-1 Pad,EFB,C2-01-85-26W6M - T3 - PnP - S,,,,,
Well C7-1,7-1 Pad,EFB,C7-1-85-26W6 - C4a - PnP - S,,,,,
Well D7-1,7-1 Pad,EFB,D7-1-85-26W6 - C2 - PnP - S,,,,,
Well E7-1,7-1 Pad,EFB,E7-1-85-26W6 - C4 - PnP - S,,,,,
Well D2-1,7-1 Pad,EFB,D2-01-85-26W6M - T2 - PnP - S,,,,,
Well E2-1,7-1 Pad,EFB,E2-01-85-26W6M - T3 - PnP - S,,,,,
Well 7-1,7-1 Pad,EFB,7-1-85-26W6 - C4a - PnP - S,,,,,
Well A7-1,7-1 Pad,EFB,A7-1-85-26W6 - C4 - PnP - S,,,,,
Well B7-1,7-1 Pad,EFB,B7-1-85-26W6 - C2 - PnP - S,,,,,
Well A2-1,7-1 Pad,EFB,A2-01-85-26W6M - T3 - PnP - S,,,,,
Well F7-1,7-1 Pad,EFB,F7-1-85-26W6 - C2 - PnP - S,,,,,
Well G7-1,7-1 Pad,EFB,G7-1-85-26W6 - C4a - PnP - S,,,,,
Well H7-1,7-1 Pad,EFB,H7-1-85-26W6 - C4 - PnP - S,,,,,
Well 2-1,7-1 Pad,EFB,2-01-85-26W6M - T3 - PnP - S,,,,,
Well F2-1,7-1 Pad,EFB,F2-1-85-26W6 - T2 - PnP - N,,,,,
Well G2-1,7-1 Pad,EFB,G2-1-85-26W6 - T3 - PnP - N,,,,,
Well J2-1,7-1 Pad,EFB,J2-1-85-26W6 - T2 - PnP - N,,,,,
Well K2-1,7-1 Pad,EFB,K2-1-85-26W6 - T3 - PnP - N,,,,,
Well L2-1,7-1 Pad,EFB,L2-1-85-26W6 - T2 - PnP - N,,,,,
Well I7-1,7-1 Pad,EFB,I7-1-85-26W6 - T3 - PnP - N,,,,,
Well L7-1,7-1 Pad,EFB,L7-1-85-26W6 - C4a - PnP - N,,,,,
Well M7-1,7-1 Pad,EFB,M7-1-85-26W6 - C2 - PnP - N,,,,,
Well N7-1,7-1 Pad,EFB,N7-1-85-26W6 - C4 - PnP - N,,,,,
Well O7-1,7-1 Pad,EFB,O7-1-85-26W6 - C4a - PnP - N,,,,,
Well P7-1,7-1 Pad,EFB,P7-1-85-26W6 - C2 - PnP - N,,,,,
Well Q7-1,7-1 Pad,EFB,Q7-1-85-26W6 - C4 - PnP - N,,,,,
Well R7-1,7-1 Pad,EFB,R7-1-85-26W6 - C4a - PnP - N,,,,,
Well S7-1,7-1 Pad,EFB,S7-1-85-26W6 - C2 - PnP - N,,,,,
Well A8-6,8-6 Pad,EFB,A8-6-85-25W6M - T2 - PnP - N,,,,,
Well C8-6,8-6 Pad,EFB,C8-6-85-25W6M - T3 - PnP - N,,,,,
Well E8-6,8-6 Pad,EFB,E8-6-85-25W6M - C4 - PnP - N,,,,,
Well F8-6,8-6 Pad,EFB,F8-6-85-25W6M - C4 - PnP - N,,,,,
Well D8-6,8-6 Pad,EFB,D8-6-85-25W6M - C2 - PnP - N,,,,,
Well 8-6,8-6 Pad,EFB,8-6-85-25W6M - T2 - PnP - N,,,,,
Well B8-6,8-6 Pad,EFB,B8-6-85-25W6M - C4 - PnP - N,,,,,
Well a-B40-H,a-40-H,MFB,a-B40-H/94-B-8 - C5 - PnP - N,,,,,
Well a-40-H,a-40-H,MFB,a-40-H/94-B-8 - C2 - PnP - N,,,,,
Well a-A40-H,a-40-H,MFB,a-A40-H/94-B-8 - C4 - PnP - N,,,,,
Well a-E40-H,a-40-H,MFB,a-E40-H/94-B-8 - C2 - PnP - N,,,,,
Well a-D40-H,a-40-H,MFB,a-D40-H/94-B-8 - C5 - PnP - N,,,,,
Well a-C40-H,a-40-H,MFB,a-C40-H/94-B-8 - C4 - PnP - N,,,,,
Well b-A24-H,b-24-H Pad,MFB,b-A24-H/94-B-8 - C4 - PnP - N,,,,,
Well b-B24-H,b-24-H Pad,MFB,b-B24-H/94-B-8 - C4 - PnP - N,,,,,
Well b-A34-H,b-34-H Pad,MFB,b-A34-H/94-B-8 - M - PnP - S,,,,,
Well b-B34-H,b-34-H Pad,MFB,b-B34-H/94-B-8 - T2 - PnP - S,,,,,
Well b-34-H,b-34-H Pad,MFB,b-34-H/94-B-8 - C4 - PnP - S,,,,,
Well b-C34-H,b-34-H Pad,MFB,b-C34-H/94-B-8 - C2 - NCS - S,,,,,
Well b-D34-H,b-34-H Pad,MFB,b-D34-H/94-B-8 - T2 - PnP - S,,,,,
Well b-E34-H,b-34-H Pad,MFB,b-E34-H/94-B-8 - C4 - NCS - S,,,,,
Well b-F34-H,b-34-H Pad,MFB,b-F34-H/94-B-8 - C2 - PnP - S,,,,,
Well b-E74-A,b-74-A Pad,MFB,b-E74-A/94-B-8 - T2 - NCS - S,,,,,
Well b-H74-A,b-74-A Pad,MFB,b-H74-A/94-B-8 - C4 - NCS - S,,,,,
Well b-I74-A,b-74-A Pad,MFB,b-I74-A/94-B-8 - C2 - NCS - S,,,,,
Well b-G74-A,b-74-A Pad,MFB,b-G74-A/94-B-8 - C2 - NCS - S,,,,,
Well b-C74-A,b-74-A Pad,MFB,b-C74-A/94-B-8 - C3 - PnP - S,,,,,
Well b-D74-A,b-74-A Pad,MFB,b-D74-A/94-B-8 - C5 - PnP - S,,,,,
Well b-A74-A,b-74-A Pad,MFB,b-A74-A/94-B-8 - T2 - PnP - S,,,,,
Well b-B74-A,b-74-A Pad,MFB,b-B74-A/94-B-8 - C5 - PnP - S,,,,,
Well c-74-A,b-74-A Pad,MFB,c-74-A/94-B-8 - C2 - PnP - N,,,,,
Well c-E74-A,b-74-A Pad,MFB,c-E74-A/94-B-8 - C5 - PnP - N,,,,,
Well c-C74-A,b-74-A Pad,MFB,c-C74-A/94-B-8 - C5 - PnP - N,,,,,
Well c-B74-A,b-74-A Pad,MFB,c-B74-A/94-B-8 - C4 - PnP - N,,,,,
Well c-D74-A,b-74-A Pad,MFB,c-D74-A/94-B-8 - C2 - PnP - N,,,,,
Well b-95-H,b-95-H Pad,NFB,b-95-H/94-B-8 - C4 - NCS - S,,,,,
Well b-A95-H,b-95-H Pad,NFB,b-A95-H/94-B-8 - C2 - NCS - S,,,,,
Well b-B95-H,b-95-H Pad,NFB,b-B95-H/94-B-8 - C4 - PnP - N,,,,,
Well b-C95-H,b-95-H Pad,NFB,b-C95-H/94-B-8 - C2 - PnP - N,,,,,
Well b-E95-H,b-95-H Pad,NFB,b-E95-H/94-B-8 - C4 - PnP - N,,,,,
Well b-F95-H,b-95-H Pad,NFB,b-F95-H/94-B-8 - C2 - PnP - N,,,,,
Well b-D95-H,b-95-H Pad,NFB,b-D95-H/94-B-8 - C4 - PnP - N,,,,,
Well b-G95-H,b-95-H Pad,NFB,b-G95-H/94-B-8 - T3 - PnP - N,,,,,
Well b-H95-H,b-95-H Pad,NFB,b-H95-H/94-B-8 - T2 - PnP - N,,,,,
Well b-I95-H,b-95-H Pad,NFB,b-I95-H/94-B-8 - T2U - PnP - N,,,,,
Well b-J95-H,b-95-H Pad,NFB,b-J95-H/94-B-8 - T2 - PnP - N,,,,,
Well b-K95-H,b-95-H Pad,NFB,b-K95-H/94-B-8 - T3 - PnP - N,,,,,
Well b-L95-H,b-95-H Pad,NFB,b-L95-H/94-B-8 - T2U - PnP - N,,,,,
Well b-M95-H,b-95-H Pad,NFB,b-M95-H/94-B-8 - T2 - PnP - N,,,,,
Well b-C97-A,b-97-A Pad,MFB,b-C97-A/94-B-8 - C3 - PnP - S,,,,,
Well b-A97-A,b-97-A Pad,MFB,b-A97-A/94-B-8 - C3 - PnP - S,,,,,
Well b-B97-A,b-97-A Pad,MFB,b-B97-A/94-B-8 - C5 - PnP - S,,,,,
Well b-97-A,b-97-A Pad,MFB,b-97-A/94-B-8 - T2 - PnP - N,,,,,
Well a-A98-A,b-97-A Pad,MFB,a-A98-A/94-B-8 - C3o - NCS - N,,,,,
Well a-98-A,b-97-A Pad,MFB,a-98-A/94-B-8 - C4 - NCS - N,,,,,
Well a-C98-A,b-97-A Pad,MFB,a-C98-A/94-B-8 - C3o - PnP - N,,,,,
Well a-B98-A,b-97-A Pad,MFB,a-B98-A/94-B-8 - C4 - PnP - N,,,,,
Well c-C14-H,c-14-H Pad,MFB,c-C14-H/94-B-8 - C4 - PnP - S,,,,,
Well c-F17-H,c-17-H Pad,MFB,c-F17-H/94-B-8 - T2 - PnP - S,,,,,
Well c-G17-H,c-17-H Pad,MFB,c-G17-H/94-B-8 - T3 - PnP - S,,,,,
Well c-E17-H,c-17-H Pad,MFB,c-E17-H/94-B-8 - T3 - PnP - S,,,,,
Well c-H17-H,c-17-H Pad,MFB,c-H17-H/94-B-8 - T2 - PnP - S,,,,,
Well c-D17-H,c-17-H Pad,MFB,c-D17-H/94-B-8 - T2 - PnP - S,,,,,
Well c-B17-H,c-17-H Pad,MFB,c-B17-H/94-B-8 - C3 - PnP - N,,,,,
Well c-C17-H,c-17-H Pad,MFB,c-C17-H/94-B-8 - C5 - PnP - N,,,,,
Well c-17-H,c-17-H Pad,MFB,c-17-H/94-B-8 - C2 - PnP - N,,,,,
Well c-A17-H,c-17-H Pad,MFB,c-A17-H/94-B-8 - C5 - PnP - N,,,,,
Well c-I17-H,c-17-H Pad,MFB,c-I17-H/94-B-8 - T3 - PnP - N,,,,,
Well c-J17-H,c-17-H Pad,MFB,c-J17-H/94-B-8 - T2 - PnP - N,,,,,
Well c-D23-H,c-23-H Pad,MFB,c-D23-H/94-B-8 - C2 - PnP - S,,,,,
Well c-E23-H,c-23-H Pad,MFB,c-E23-H/94-B-8 - C4 - NCS - S,,,,,
Well c-F23-H,c-23-H Pad,MFB,c-F23-H/94-B-8 - C2 - PnP - S,,,,,
Well c-C23-H,c-23-H Pad,MFB,c-C23-H/94-B-8 - T2 - PnP - S,,,,,
Well c-23-H,c-23-H Pad,MFB,c-23-H/94-B-8 - C4 - PnP - S,,,,,
Well c-A23-H,c-23-H Pad,MFB,c-A23-H/94-B-8 - C4 - PnP - N,,,,,
Well c-B23-H,c-23-H Pad,MFB,c-B23-H/94-B-8 - C4 - PnP - N,,,,,
Well c-G27-H,c-27-H Pad,MFB,c-G27-H/94-B-8 - C4 - NCS - S,,,,,
Well c-I27-H,c-27-H Pad,MFB,c-I27-H/94-B-8 - C4 - NCS - S,,,,,
Well c-B27-H,c-27-H Pad,MFB,c-B27-H/94-B-8 - C4 - PnP - S,,,,,
Well c-H27-H,c-27-H Pad,MFB,c-H27-H/94-B-8 - T3 - NCS - S,,,,,
Well c-27-H,c-27-H Pad,MFB,c-27-H/94-B-8 - C4 - PnP - N,,,,,
Well c-A27-H,c-27-H Pad,MFB,c-A27-H/94-B-8 - T2 - PnP - N,,,,,
Well c-C27-H,c-27-H Pad,MFB,c-C27-H/94-B-8 - M - PnP - N,,,,,
Well c-D27-H,c-27-H Pad,MFB,c-D27-H/94-B-8 - T2 - PnP - N,,,,,
Well c-E27-H,c-27-H Pad,MFB,C-E27-H/94-B-8 - C4 - NCS - N,,,,,
Well c-F27-H,c-27-H Pad,MFB,c-F27-H/94-B-8 - C2 - NCS - N,,,,,
Well c-29-A,c-29-A Pad,WFB,c-29-A/94-B-8 - C4 - PnP - S,,,,,
Well c-A29-A,c-29-A Pad,WFB,c-A29-A/94-B-8 - C5 - PnP - N,,,,,
Well c-B29-A,c-29-A Pad,WFB,c-B29-A/94-B-8 - T2 - PnP - N,,,,,
Well c-37-H,c-37-H Pad,MFB,c-37-H/94-B-8 - C2 - NCS-PnP - S,,,,,
Well c-F37-H,c-37-H Pad,MFB,c-F37-H/94-B-8 - T3 - PnP - S,,,,,
Well c-G37-H,c-37-H Pad,MFB,c-G37-H/94-B-8 - T2 - PnP - S,,,,,
Well c-A37-H,c-37-H Pad,MFB,c-A37-H/94-B-8 - C4 - NCS - S,,,,,
Well c-B37-H,c-37-H Pad,MFB,c-B37-H/94-B-8 - C4 - NCS - S,,,,,
Well c-C37-H,c-37-H Pad,MFB,c-C37-H/94-B-8 - C2 - PnP - S,,,,,
Well c-D37-H,c-37-H Pad,MFB,c-D37-H/94-B-8 - C4 - NCS - S,,,,,
Well c-E37-H,c-37-H Pad,MFB,c-E37-H/94-B-8 - T2 - PnP - S,,,,,
Well c-E44-H,c-44-H Pad,NFB,c-E44-H/94-B-8 - C4 - NCS - N,,,,,
Well c-44-H,c-44-H Pad,NFB,c-44-H/94-B-8 - C4 - PnP - N,,,,,
Well c-D44-H,c-44-H Pad,NFB,c-D44-H/94-B-8 - C2 - NCS - N,,,,,
Well c-A44-H,c-44-H Pad,NFB,c-A44-H/94-B-8 - T3 - PnP - N,,,,,
Well c-C44-H,c-44-H Pad,NFB,c-C44-H/94-B-8 - T2 - PnP - N,,,,,
Well c-B44-H,c-44-H Pad,NFB,c-B44-H/94-B-8 - C4 - PnP - N,,,,,
Well d-4-H,C-4-H Pad,MFB,d-4-H/94-B-8 - C5 - PnP - S,,,,,
Well d-A4-H,C-4-H Pad,MFB,d-A4-H/94-B-8 - C4 - PnP - S,,,,,
Well d-C4-H,C-4-H Pad,MFB,d-C4-H/94-B-8 - C4 - PnP - S,,,,,
Well d-B4-H,C-4-H Pad,MFB,d-B4-H/94-B-8 - C5 - PnP - S,,,,,
Well c-A4-H,C-4-H Pad,MFB,c-A4-H/94-B-8 - C2 - PnP - S,,,,,
Well c-C4-H,C-4-H Pad,MFB,c-C4-H/94-B-8 - T3 - PnP - S,,,,,
Well c-B4-H,C-4-H Pad,MFB,c-B4-H/94-B-8 - T2 - PnP - S,,,,,
Well c-4-H,C-4-H Pad,MFB,c-4-H/94-B-8 - C4 - PnP - S,,,,,
Well c-H4-H,C-4-H Pad,MFB,c-H4-H/94-B-8 - T2 - NCS - N,,,,,
Well c-F4-H,C-4-H Pad,MFB,c-F4-H/94-B-8 - C2 - NCS - N,,,,,
Well c-E4-H,C-4-H Pad,MFB,c-E4-H/94-B-8 - C4 - NCS - N,,,,,
Well d-F4-H,C-4-H Pad,MFB,d-F4-H/94-B-8 - T3 - PnP - N,,,,,
Well c-G4-H,C-4-H Pad,MFB,c-G4-H/94-B-8 - C4 - NCS - N,,,,,
Well c-D4-H,C-4-H Pad,MFB,c-D4-H/94-B-8 - C4 - NCS - N,,,,,
Well d-D4-H,C-4-H Pad,MFB,d-D4-H/94-B-8 - T3 - PnP - N,,,,,
Well d-E4-H,C-4-H Pad,MFB,d-E4-H/94-B-8 - T2 - PnP - N,,,,,
Well c-54-A,c-54-A Pad,MFB,c-54-A/94-B-8 - T2 - PnP - S,,,,,
Well c-B54-A,c-54-A Pad,MFB,c-B54-A/94-B-8 - C4 - PnP - S,,,,,
Well c-C54-A,c-54-A Pad,MFB,c-C54-A/94-B-8 - C2 - PnP - S,,,,,
Well c-E54-A,c-54-A Pad,MFB,c-E54-A/94-B-8 - C4 - PnP - S,,,,,
Well c-D54-A,c-54-A Pad,MFB,c-D54-A/94-B-8 - C5 - NCS - S,,,,,
Well c-A54-A,c-54-A Pad,MFB,c-A54-A/94-B-8 - C5 - PnP - S,,,,,
Well c-A64-H,c-64-H Pad,NFB,c-A64-H/94-B-8 - C4 - PnP - S,,,,,
Well c-B64-H,c-64-H Pad,NFB,c-B64-H/94-B-8 - C4 - PnP - S,,,,,
Well c-C64-H,c-64-H Pad,NFB,c-C64-H/94-B-8 - C4 - PnP - N,,,,,
Well c-64-H,c-64-H Pad,NFB,c-64-H/94-B-8 - C4 - PnP - N,,,,,
Well c-M7-H,c-7-H Pad,MFB,C-M7-H/094-B-08 - T2 - PnP - S,,,,,
Well c-N7-H,c-7-H Pad,MFB,C-N7-H/094-B-08 - T3 - PnP - S,,,,,
Well c-O7-H,c-7-H Pad,MFB,C-O7-H/094-B-08 - T2 - PnP - S,,,,,
Well c-P7-H,c-7-H Pad,MFB,C-P7-H/094-B-08 - T3 - PnP - S,,,,,
Well c-Q7-H,c-7-H Pad,MFB,C-Q7-H/094-B-08 - T2 - PnP - S,,,,,
Well c-R7-H,c-7-H Pad,MFB,C-R7-H/094-B-08 - T3 - PnP - S,,,,,
Well c-F7-H,c-7-H Pad,MFB,c-F7-H/94-B-8 - C4 - PnP - S,,,,,
Well c-G7-H,c-7-H Pad,MFB,c-G7-H/94-B-8 - C5 - PnP - S,,,,,
Well c-H7-H,c-7-H Pad,MFB,c-H7-H/94-B-8 - C2 - PnP - S,,,,,
Well c-I7-H,c-7-H Pad,MFB,c-I7-H/94-B-8 - C4 - PnP - S,,,,,
Well c-E7-H,c-7-H Pad,MFB,c-E7-H/94-B-8 - C5 - PnP - S,,,,,
Well c-J7-H,c-7-H Pad,MFB,C-J7-H/094-B-08 - T3 - PnP - N,,,,,
Well c-K7-H,c-7-H Pad,MFB,C-K7-H/094-B-08 - T2 - PnP - N,,,,,
Well c-L7-H,c-7-H Pad,MFB,C-L7-H/094-B-08 - T3 - PnP - N,,,,,
Well c-D7-H,c-7-H Pad,MFB,c-D7-H/94-B-8 - C5 - PnP - N,,,,,
Well c-C7-H,c-7-H Pad,MFB,c-C7-H/94-B-8 - C4 - PnP - N,,,,,
Well c-B7-H,c-7-H Pad,MFB,c-B7-H/94-B-8 - C5 - PnP - N,,,,,
Well c-A7-H,c-7-H Pad,MFB,c-A7-H/94-B-8 - C4 - PnP - N,,,,,
Well c-K84-A,c-84-A Pad,MFB,c-K84-A/94-B-8 - T3 - PnP - S,,,,,
Well c-G84-A,c-84-A Pad,MFB,c-G84-A/94-B-8 - C4 - NCS - S,,,,,
Well c-J84-A,c-84-A Pad,MFB,c-J84-A/94-B-8 - T2 - PnP - S,,,,,
Well c-D84-A,c-84-A Pad,MFB,c-D84-A/94-B-8 - C4 - NCS - S,,,,,
Well c-E84-A,c-84-A Pad,MFB,c-E84-A/94-B-8 - C2 - NCS - S,,,,,
Well c-F84-A,c-84-A Pad,MFB,c-F84-A/94-B-8 - C4 - NCS - S,,,,,
Well c-H84-A,c-84-A Pad,MFB,c-H84-A/94-B-8 - C5 - PnP - N,,,,,
Well c-I84-A,c-84-A Pad,MFB,c-I84-A/94-B-8 - C4 - PnP - N,,,,,
Well c-A84-A,c-84-A Pad,MFB,c-A84-A/94-B-8 - C4 - PnP - N,,,,,
Well c-84-A,c-84-A Pad,MFB,c-84-A/94-B-8 - C2 - PnP - N,,,,,
Well c-C84-A,c-84-A Pad,MFB,c-C84-A/94-B-8 - C2 - PnP - N,,,,,
Well c-B84-A,c-84-A Pad,MFB,c-B84-A/94-B-8 - T2 - PnP - N,,,,,
Well c-B98-D,C-98-D Pad,EFB,c-B98-D/94-A-5 - T2 - PnP - S,,,,,
Well c-G98-D,C-98-D Pad,EFB,c-G98-D/94-A-05 - C4a - PnP - S,,,,,
Well c-H98-D,C-98-D Pad,EFB,c-H98-D/94-A-05 - C2 - PnP - S,,,,,
Well c-I98-D,C-98-D Pad,EFB,c-I98-D/94-A-05 - C4 - PnP - S,,,,,
Well c-K98-D,C-98-D Pad,EFB,c-K98-D/94-A-05 - C4a - PnP - S,,,,,
Well c-98-D,C-98-D Pad,EFB,c-98-D/94-A-5 - T3 - PnP - S,,,,,
Well c-A98-D,C-98-D Pad,EFB,c-A98-D/94-A-5 - T2 - PnP - S,,,,,
Well c-D98-D,C-98-D Pad,EFB,c-D98-D/94-A-05 - C4a - PnP - S,,,,,
Well c-E98-D,C-98-D Pad,EFB,c-E98-D/94-A-05 - C4 - PnP - S,,,,,
Well c-F98-D,C-98-D Pad,EFB,c-F98-D/94-A-05 - C2 - PnP - S,,,,,
Well c-C98-D,C-98-D Pad,EFB,c-C98-D/94-A-5 - T2 - PnP - S,,,,,
Well c-J98-D,C-98-D Pad,EFB,c-J98-D/94-A-05 - C2 - PnP - S,,,,,
Well c-L98-D,C-98-D Pad,EFB,c-L98-D/94-A-05 - C4 - PnP - S,,,,,
Well d-99-D,C-98-D Pad,EFB,d-99-D/94-A-05 - T2 - PnP - N,,,,,
Well d-A99-D,C-98-D Pad,EFB,d-A99-D/94-A-05 - T2 - PnP - N,,,,,
Well d-B99-D,C-98-D Pad,EFB,d-B99-D/94-A-05 - T3 - PnP - N,,,,,
Well c-N98-D,C-98-D Pad,EFB,c-N98-D/94-A-05 - T2 - PnP - N,,,,,
Well c-O98-D,C-98-D Pad,EFB,c-O98-D/94-A-05 - T3 - PnP - N,,,,,
Well c-P98-D,C-98-D Pad,EFB,c-P98-D/94-A-5 - C4a - PnP - N,,,,,
Well c-Q98-D,C-98-D Pad,EFB,c-Q98-D/94-A-5 - C2 - PnP - N,,,,,
Well c-R98-D,C-98-D Pad,EFB,c-R98-D/94-A-5 - C4 - PnP - N,,,,,
Well c-S98-D,C-98-D Pad,EFB,c-S98-D/94-A-5 - C4a - PnP - N,,,,,
Well c-T98-D,C-98-D Pad,EFB,c-T98-D/94-A-5 - C2 - PnP - N,,,,,
Well c-U98-D,C-98-D Pad,EFB,c-U98-D/94-A-5 - C4 - PnP - N,,,,,
Well c-W98-D,C-98-D Pad,EFB,c-W98-D/94-A-5 - C2 - PnP - N,,,,,
Well c-X98-D,C-98-D Pad,EFB,c-X98-D/94-A-5 - C4 - PnP - N,,,,,
Well c-V98-D,C-98-D Pad,EFB,c-V98-D/94-A-5 - C4a - PnP - N,,,,,
Well a-30-H,d-30-H,MFB,a-30-H/94-B-8 - C4 - PnP - N,,,,,
Well a-A30-H,d-30-H,MFB,a-A30-H/94-B-8 - C2 - PnP - N,,,,,
Well d-D30-H,d-30-H,MFB,d-D30-H/94-B-8 - C5 - PnP - N,,,,,
Well d-C30-H,d-30-H,MFB,d-C30-H/94-B-8 - C4 - PnP - N,,,,,
Well d-B30-H,d-30-H,MFB,d-B30-H/94-B-8 - C5 - PnP - N,,,,,
Well d-A30-H,d-30-H,MFB,d-A30-H/94-B-8 - C2 - PnP - N,,,,,
Well d-30-H,d-30-H,MFB,d-30-H/94-B-8 - C4 - PnP - N,,,,,
Well d-53-A,d-53-A Pad,MFB,d-53-A/94-B-8 - C4 - PnP - N,,,,,
Well d-63-A,d-63-A Pad,MFB,d-63-A/94-B-8 - T2 - NCS - S,,,,,
Well d-A63-A,d-63-A Pad,MFB,d-A63-A/94-B-8 - C4 - NCS - S,,,,,
Well d-A76-H,d-76-H Pad,NFB,d-A76-H/94-B-8 - T2 - NCS - S,,,,,
Well d-B76-H,d-76-H Pad,NFB,d-B76-H/94-B-8 - C2 - NCS - S,,,,,
Well d-F76-H,d-76-H Pad,NFB,d-F76-H/94-B-8 - C2 - PnP - N,,,,,
Well d-C76-H,d-76-H Pad,NFB,d-C76-H/94-B-8 - C4 - PnP - N,,,,,
Well d-D76-H,d-76-H Pad,NFB,d-D76-H/94-B-8 - C2 - PnP - N,,,,,
Well d-E76-H,d-76-H Pad,NFB,d-E76-H/94-B-8 - C4 - PnP - N,,,,,
Well b-17-I,Farrell,Farrell,,,,,,
Well c-18-I,Farrell,Farrell,,,,,,
Well c-A48-I,Farrell,Farrell,,,,,,
Well c-45-I,Farrell,Farrell,,,,,,
Well c-B18-I,Farrell,Farrell,,,,,,
Well b-43-A GT,Gething,Gething,,,,,,
Well d-55-A GT,Gething,Gething,b-17-I/94-B-1 - T3 - PnP - N,,,,,
Well d-B53-A GT,Gething,Gething,c-18-I/94-B-1 - C3 - PnP - N,,,,,
Well d-64-A GT,Gething,Gething,c-A48-I/94-B-1 - M - PnP - N,,,,,
Well b-74-A GT,Gething,Gething,c-45-I/94-B-1 - C4 - PnP - N,,,,,
Well d-88-A GT,Gething,Gething,c-B18-I/94-B-1 - C3 - PnP - N,,,,,
Well c-A15-I,Suncor,Suncor,,,,,,
Well b-62-I SC,Suncor,Suncor,d-55-A/94-B-8 - Gt - PnP - V,,,,,
Well a-83-I SC,Suncor,Suncor,,,,,,
Well c-57-I,Suncor,Suncor,d-64-A/94-B-8 - Gt - PnP - V,,,,,
Well a-94-I SC,Suncor,Suncor,b-74-A/94-B-8 - Gt - PnP - V,,,,,
Well c-29-I SC,Suncor,Suncor,d-88-A/94-B-8 - Gt - PnP - V,,,,,
Well d-15-A SC,Suncor,Suncor,,,,,,
Well b-24-A SC,Suncor,Suncor,,,,,,
Well b-35-A SC,Suncor,Suncor,,,,,,
Well c-A56-A SC,Suncor,Suncor,,,,,,
Well d-A68-A SC,Suncor,Suncor,,,,,,
Well d-79-A SC,Suncor,Suncor,,,,,,
Well d-90-A SC,Suncor,Suncor,,,,,,
Well b-98-A SC,Suncor,Suncor,,,,,,
Well a-99-A SC,Suncor,Suncor,,,,,,
Well c-63-B SC,Suncor,Suncor,,,,,,
Well c-B29-G SC,Suncor,Suncor,,,,,,
Well c-A29-G SC,Suncor,Suncor,,,,,,
Well d-13-G SC,Suncor,Suncor,,,,,,
Well d-21-G SC,Suncor,Suncor,,,,,,
Well d-A2-G SC,Suncor,Suncor,,,,,,
Well c-74-G,Suncor,Suncor,,,,,,
Well c-96-G SC,Suncor,Suncor,,,,,,
Well b-10-H SC,Suncor,Suncor,,,,,,
Well b-19-H SC,Suncor,Suncor,,,,,,
Well c-20-H SC,Suncor,Suncor,,,,,,
